Position,Const,Created,Modified,Description,Title,Original Title,URL,Title Type,IMDb Rating,Runtime (mins),Year,Genres,Num Votes,Release Date,Directors
1,tt2044729,6/8/2021,6/8/2021,,A Glimpse Inside the Mind of Charles Swan III,A Glimpse Inside the Mind of Charles Swan III,https://www.imdb.com/title/tt2044729/,Movie,4.6,86,2012,Comedy,5739,3/14/2013,Roman Coppola
2,tt2115295,6/8/2021,6/8/2021,,Ginger & Rosa,Ginger & Rosa,https://www.imdb.com/title/tt2115295/,Movie,6.2,90,2012,Drama,11804,10/19/2012,Sally Potter
3,tt2101441,6/8/2021,6/8/2021,,Spring Breakers,Spring Breakers,https://www.imdb.com/title/tt2101441/,Movie,5.3,94,2012,"Crime, Drama, Thriller",149281,3/22/2013,Harmony Korine
4,tt2132285,6/8/2021,6/8/2021,,The Bling Ring,The Bling Ring,https://www.imdb.com/title/tt2132285/,Movie,5.6,90,2013,"Biography, Crime, Drama",92541,6/21/2013,Sofia Coppola
5,tt1714206,5/8/2022,5/8/2022,,The Spectacular Now,The Spectacular Now,https://www.imdb.com/title/tt1714206/,Movie,7,95,2013,"Drama, Romance",161903,9/13/2013,James Ponsoldt
6,tt2316411,5/8/2022,5/8/2022,,Enemy,Enemy,https://www.imdb.com/title/tt2316411/,Movie,6.9,91,2013,"Drama, Mystery, Thriller",216869,2/6/2014,Denis Villeneuve
7,tt1441395,5/8/2022,5/8/2022,,Under the Skin,Under the Skin,https://www.imdb.com/title/tt1441395/,Movie,6.3,108,2013,"Drama, Horror, Mystery, Sci-Fi, Thriller",159292,4/18/2014,Jonathan Glazer
8,tt2692904,5/8/2022,5/8/2022,,Locke,Locke,https://www.imdb.com/title/tt2692904/,Movie,7.1,85,2013,Drama,160244,4/18/2014,Steven Knight
9,tt2910274,5/8/2022,5/8/2022,,Obvious Child,Obvious Child,https://www.imdb.com/title/tt2910274/,Movie,6.7,84,2014,"Comedy, Drama, Romance",26389,6/27/2014,Gillian Robespierre
10,tt2345737,5/8/2022,5/8/2022,,The Rover,The Rover,https://www.imdb.com/title/tt2345737/,Movie,6.4,103,2014,"Action, Crime, Drama, Sci-Fi",51658,6/20/2014,David Michôd
11,tt2581244,5/8/2022,5/8/2022,,Life After Beth,Life After Beth,https://www.imdb.com/title/tt2581244/,Movie,5.7,89,2014,"Comedy, Fantasy, Horror, Romance",23992,7/15/2014,Jeff Baena
12,tt3099498,5/8/2022,5/8/2022,,Tusk,Tusk,https://www.imdb.com/title/tt3099498/,Movie,5.4,102,2014,"Comedy, Horror",63877,9/19/2014,Kevin Smith
13,tt2034031,5/8/2022,5/8/2022,,Laggies,Laggies,https://www.imdb.com/title/tt2034031/,Movie,6.4,99,2014,"Comedy, Drama, Romance",45937,11/7/2014,Lynn Shelton
14,tt1396523,5/8/2022,5/8/2022,,Revenge of the Green Dragons,Revenge of the Green Dragons,https://www.imdb.com/title/tt1396523/,Movie,5.3,94,2014,"Action, Crime, Drama",4317,9/11/2014,"Andrew Lau, Andrew Loo"
15,tt2326612,5/8/2022,5/8/2022,,The Captive,The Captive,https://www.imdb.com/title/tt2326612/,Movie,5.9,112,2014,"Crime, Drama, Mystery, Thriller",35926,12/12/2014,Atom Egoyan
16,tt2937898,5/8/2022,5/8/2022,,A Most Violent Year,A Most Violent Year,https://www.imdb.com/title/tt2937898/,Movie,6.9,125,2014,"Action, Crime, Drama, Thriller",78064,1/30/2015,J.C. Chandor
17,tt2452200,5/8/2022,5/8/2022,,Son of a Gun,Son of a Gun,https://www.imdb.com/title/tt2452200/,Movie,6.4,108,2014,"Action, Crime, Drama, Thriller",29685,12/11/2014,Julius Avery
18,tt1791682,5/8/2022,5/8/2022,,While We're Young,While We're Young,https://www.imdb.com/title/tt1791682/,Movie,6.3,97,2014,"Comedy, Drama, Mystery",53821,4/17/2015,Noah Baumbach
19,tt1661820,5/8/2022,5/8/2022,,Cut Bank,Cut Bank,https://www.imdb.com/title/tt1661820/,Movie,6.1,93,2014,"Crime, Drama, Mystery, Thriller",13930,4/3/2015,Matt Shakman
20,tt0470752,5/8/2022,5/8/2022,,Ex Machina,Ex Machina,https://www.imdb.com/title/tt0470752/,Movie,7.7,108,2014,"Drama, Sci-Fi, Thriller",595290,4/24/2015,Alex Garland
21,tt3205376,5/8/2022,5/8/2022,,Slow West,Slow West,https://www.imdb.com/title/tt3205376/,Movie,6.9,84,2015,"Action, Adventure, Drama, Romance, Thriller, Western",48149,4/16/2015,John Maclean
22,tt1731701,5/8/2022,5/8/2022,,Barely Lethal,Barely Lethal,https://www.imdb.com/title/tt1731701/,Movie,5.4,96,2015,"Action, Comedy",23396,4/30/2015,Kyle Newman
23,tt2870648,5/8/2022,5/8/2022,,Amy,Amy,https://www.imdb.com/title/tt2870648/,Movie,7.8,128,2015,"Documentary, Biography, Music",55637,7/10/2015,Asif Kapadia
24,tt3416744,5/8/2022,5/8/2022,,The End of the Tour,The End of the Tour,https://www.imdb.com/title/tt3416744/,Movie,7.2,106,2015,"Biography, Drama",32687,8/14/2015,James Ponsoldt
25,tt2402101,5/8/2022,5/8/2022,,Dark Places,Dark Places,https://www.imdb.com/title/tt2402101/,Movie,6.2,113,2015,"Crime, Drama, Mystery, Thriller",47986,6/18/2015,Gilles Paquet-Brenner
26,tt2349144,5/8/2022,5/8/2022,,Mississippi Grind,Mississippi Grind,https://www.imdb.com/title/tt2349144/,Movie,6.4,108,2015,"Comedy, Drama",26149,8/13/2015,"Anna Boden, Ryan Fleck"
27,tt3170832,5/8/2022,5/8/2022,,Room,Room,https://www.imdb.com/title/tt3170832/,Movie,8.1,118,2015,"Drama, Thriller",452858,1/22/2016,Lenny Abrahamson
28,tt2322517,5/8/2022,5/8/2022,,Mojave,Mojave,https://www.imdb.com/title/tt2322517/,Movie,5.2,93,2015,"Action, Adventure, Crime, Drama, Mystery, Thriller",5595,12/3/2015,William Monahan
29,tt4263482,5/8/2022,5/8/2022,,The Witch,The VVitch: A New-England Folktale,https://www.imdb.com/title/tt4263482/,Movie,7,92,2015,"Drama, Fantasy, Horror, Mystery, Thriller",304045,2/19/2016,Robert Eggers
30,tt3704050,5/8/2022,5/8/2022,,Remember,Remember,https://www.imdb.com/title/tt3704050/,Movie,7.5,94,2015,"Drama, Mystery, Thriller",28017,12/17/2015,Atom Egoyan
31,tt4266638,5/8/2022,5/8/2022,,Krisha,Krisha,https://www.imdb.com/title/tt4266638/,Movie,7.1,83,2015,Drama,10117,6/7/2016,Trey Edward Shults
32,tt4062536,5/8/2022,5/8/2022,,Green Room,Green Room,https://www.imdb.com/title/tt4062536/,Movie,7,95,2015,"Crime, Drama, Horror, Music, Thriller",140203,5/13/2016,Jeremy Saulnier
33,tt1735907,5/8/2022,5/8/2022,,The Adderall Diaries,The Adderall Diaries,https://www.imdb.com/title/tt1735907/,Movie,5.2,87,2015,"Crime, Drama, Mystery, Thriller",6210,3/10/2016,Pamela Romanowsky
34,tt3464902,5/8/2022,5/8/2022,,The Lobster,The Lobster,https://www.imdb.com/title/tt3464902/,Movie,7.1,119,2015,"Drama, Romance, Sci-Fi, Thriller",300467,10/16/2015,Yorgos Lanthimos
35,tt1683048,5/8/2022,5/8/2022,,De Palma,De Palma,https://www.imdb.com/title/tt1683048/,Movie,7.4,110,2015,"Documentary, Biography",6257,9/23/2016,"Noah Baumbach, Jake Paltrow"
36,tt4034354,5/8/2022,5/8/2022,,Swiss Army Man,Swiss Army Man,https://www.imdb.com/title/tt4034354/,Movie,6.9,97,2016,"Comedy, Drama, Fantasy, Romance",134302,7/1/2016,"Daniel Kwan, Daniel Scheinert"
37,tt3289728,5/8/2022,5/8/2022,,Equals,Equals,https://www.imdb.com/title/tt3289728/,Movie,6,101,2015,"Drama, Romance, Sci-Fi",32942,5/26/2016,Drake Doremus
38,tt2625810,5/8/2022,5/8/2022,,Into the Forest,Into the Forest,https://www.imdb.com/title/tt2625810/,Movie,5.8,101,2015,"Drama, Thriller",22158,7/29/2016,Patricia Rozema
39,tt3652862,5/8/2022,5/8/2022,,Morris from America,Morris from America,https://www.imdb.com/title/tt3652862/,Movie,6.3,91,2016,"Comedy, Drama, Romance",5639,8/19/2016,Chad Hartigan
40,tt3450900,5/8/2022,5/8/2022,,The Sea of Trees,The Sea of Trees,https://www.imdb.com/title/tt3450900/,Movie,6.1,110,2015,"Drama, Fantasy, Mystery, Thriller",17950,8/26/2016,Gus Van Sant
41,tt3721936,5/8/2022,5/8/2022,,American Honey,American Honey,https://www.imdb.com/title/tt3721936/,Movie,7,163,2016,"Adventure, Drama, Romance",46777,10/14/2016,Andrea Arnold
42,tt4975722,5/8/2022,5/8/2022,,Moonlight,Moonlight,https://www.imdb.com/title/tt4975722/,Movie,7.4,111,2016,Drama,333545,11/18/2016,Barry Jenkins
43,tt5213534,5/8/2022,5/8/2022,,Oasis: Supersonic,Supersonic,https://www.imdb.com/title/tt5213534/,Movie,7.8,122,2016,"Documentary, Biography, Music",12444,10/26/2016,Mat Whitecross
44,tt3976144,5/8/2022,5/8/2022,,The Monster,The Monster,https://www.imdb.com/title/tt3976144/,Movie,5.4,91,2016,"Drama, Fantasy, Horror",19518,10/6/2016,Bryan Bertino
45,tt4385888,5/8/2022,5/8/2022,,20th Century Women,20th Century Women,https://www.imdb.com/title/tt4385888/,Movie,7.3,119,2016,"Comedy, Drama",49705,1/20/2017,Mike Mills
46,tt3305308,5/8/2022,5/8/2022,,Trespass Against Us,Trespass Against Us,https://www.imdb.com/title/tt3305308/,Movie,5.8,99,2016,"Action, Crime, Drama, Thriller",9188,11/24/2016,Adam Smith
47,tt3286052,5/8/2022,5/8/2022,,The Blackcoat's Daughter,February,https://www.imdb.com/title/tt3286052/,Movie,5.9,93,2015,"Horror, Mystery, Thriller",26495,2/16/2017,Oz Perkins
48,tt4158096,5/8/2022,5/8/2022,,Free Fire,Free Fire,https://www.imdb.com/title/tt4158096/,Movie,6.3,91,2016,"Action, Comedy, Crime, Thriller",50983,4/21/2017,Ben Wheatley
49,tt5770620,5/8/2022,5/8/2022,,The Lovers,The Lovers,https://www.imdb.com/title/tt5770620/,Movie,6.1,97,2017,"Comedy, Drama, Romance",4203,5/26/2017,Azazel Jacobs
50,tt4721124,5/8/2022,5/8/2022,,The Exception,The Exception,https://www.imdb.com/title/tt4721124/,Movie,6.8,107,2016,"Drama, Romance, War",15546,6/2/2017,David Leveaux
51,tt4695012,5/8/2022,5/8/2022,,It Comes at Night,It Comes at Night,https://www.imdb.com/title/tt4695012/,Movie,6.2,91,2017,"Drama, Horror, Mystery, Sci-Fi, Thriller",103841,6/9/2017,Trey Edward Shults
52,tt6265828,5/8/2022,5/8/2022,,A Ghost Story,A Ghost Story,https://www.imdb.com/title/tt6265828/,Movie,6.8,92,2017,"Drama, Fantasy, Mystery, Romance",80276,7/28/2017,David Lowery
53,tt6333086,5/8/2022,5/8/2022,,Menashe,Menashe,https://www.imdb.com/title/tt6333086/,Movie,6.6,82,2017,Drama,2560,8/18/2017,Joshua Z Weinstein
54,tt4846232,5/8/2022,5/8/2022,,Good Time,Good Time,https://www.imdb.com/title/tt4846232/,Movie,7.3,102,2017,"Crime, Drama, Thriller",141286,8/25/2017,"Benny Safdie, Josh Safdie"
55,tt4677924,5/8/2022,5/8/2022,,Woodshock,Woodshock,https://www.imdb.com/title/tt4677924/,Movie,4.2,100,2017,"Drama, Fantasy, Horror, Mystery, Thriller",2340,10/19/2017,"Kate Mulleavy, Laura Mulleavy"
56,tt5649144,5/8/2022,5/8/2022,,The Florida Project,The Florida Project,https://www.imdb.com/title/tt5649144/,Movie,7.6,111,2017,Drama,129813,11/10/2017,Sean Baker
57,tt5715874,5/8/2022,5/8/2022,,The Killing of a Sacred Deer,The Killing of a Sacred Deer,https://www.imdb.com/title/tt5715874/,Movie,7,121,2017,"Drama, Horror, Mystery, Thriller",190377,11/3/2017,Yorgos Lanthimos
58,tt4925292,5/8/2022,5/8/2022,,Lady Bird,Lady Bird,https://www.imdb.com/title/tt4925292/,Movie,7.4,94,2017,"Comedy, Drama",333364,12/1/2017,Greta Gerwig
59,tt3521126,5/8/2022,5/8/2022,,The Disaster Artist,The Disaster Artist,https://www.imdb.com/title/tt3521126/,Movie,7.3,104,2017,"Biography, Comedy, Drama",164996,12/8/2017,James Franco
60,tt4400994,5/8/2022,5/8/2022,,The Ballad of Lefty Brown,The Ballad of Lefty Brown,https://www.imdb.com/title/tt4400994/,Movie,6.3,111,2017,"Action, Drama, Western",7890,12/15/2017,Jared Moshe
61,tt1291566,5/8/2022,5/8/2022,,The Vanishing of Sidney Hall,Sidney Hall,https://www.imdb.com/title/tt1291566/,Movie,6.8,119,2017,"Drama, Mystery, Romance",11794,3/2/2018,Shawn Christensen
62,tt5836316,5/8/2022,5/8/2022,,The Last Movie Star,Dog Years,https://www.imdb.com/title/tt5836316/,Movie,7,94,2017,Drama,4923,3/30/2018,Adam Rifkin
63,tt5340300,5/8/2022,5/8/2022,,Lean on Pete,Lean on Pete,https://www.imdb.com/title/tt5340300/,Movie,7.1,121,2017,"Adventure, Drama, Sport",14031,5/4/2018,Andrew Haigh
64,tt5153288,5/8/2022,5/8/2022,,Backstabbing for Beginners,Backstabbing for Beginners,https://www.imdb.com/title/tt5153288/,Movie,6.3,108,2018,"Drama, History, Mystery, Romance, Thriller",5908,4/27/2018,Per Fly
65,tt6053438,4/19/2023,4/19/2023,,First Reformed,First Reformed,https://www.imdb.com/title/tt6053438/,Movie,7.1,113,2017,"Drama, Mystery, Thriller",62976,6/8/2018,Paul Schrader
66,tt3859310,4/19/2023,4/19/2023,,How to Talk to Girls at Parties,How to Talk to Girls at Parties,https://www.imdb.com/title/tt3859310/,Movie,5.7,102,2017,"Comedy, Music, Romance, Sci-Fi",12466,5/25/2018,John Cameron Mitchell
67,tt7784604,4/19/2023,4/19/2023,,Hereditary,Hereditary,https://www.imdb.com/title/tt7784604/,Movie,7.3,127,2018,"Drama, Horror, Mystery, Thriller",383698,6/8/2018,Ari Aster
68,tt5436228,4/19/2023,4/19/2023,,Woman Walks Ahead,Woman Walks Ahead,https://www.imdb.com/title/tt5436228/,Movie,6.7,101,2017,"Biography, Drama, History, Western",8473,6/29/2018,Susanna White
69,tt7014006,4/19/2023,4/19/2023,,Eighth Grade,Eighth Grade,https://www.imdb.com/title/tt7014006/,Movie,7.4,93,2018,"Comedy, Drama",82895,8/3/2018,Bo Burnham
70,tt3416536,4/19/2023,4/19/2023,,Hot Summer Nights,Hot Summer Nights,https://www.imdb.com/title/tt3416536/,Movie,6.4,107,2017,"Crime, Drama, Romance",23730,7/27/2018,Elijah Bynum
71,tt7690016,4/19/2023,4/19/2023,,Never Goin' Back,Never Goin' Back,https://www.imdb.com/title/tt7690016/,Movie,6.1,85,2018,"Comedy, Crime, Drama",4126,10/30/2018,Augustine Frizzell
72,tt4080956,4/19/2023,4/19/2023,,A Prayer Before Dawn,A Prayer Before Dawn,https://www.imdb.com/title/tt4080956/,Movie,6.8,116,2017,"Action, Biography, Crime, Drama, Sport",26343,8/10/2018,Jean-Stéphane Sauvaire
73,tt4411234,4/19/2023,4/19/2023,,Slice,Slice,https://www.imdb.com/title/tt4411234/,Movie,4.6,83,2018,"Comedy, Crime, Fantasy, Horror",3896,9/11/2018,Austin Vesely
74,tt6040662,4/19/2023,4/19/2023,,The Children Act,The Children Act,https://www.imdb.com/title/tt6040662/,Movie,6.7,105,2017,Drama,14897,9/14/2018,Richard Eyre
75,tt5613484,4/19/2023,4/19/2023,,Mid90s,Mid90s,https://www.imdb.com/title/tt5613484/,Movie,7.3,85,2018,"Comedy, Drama",78797,10/26/2018,Jonah Hill
76,tt6301712,4/19/2023,4/19/2023,,Outlaws,Outlaws,https://www.imdb.com/title/tt6301712/,Movie,5.3,92,2017,"Crime, Drama, Thriller",1333,2/1/2019,Stephen McCallum
77,tt6198946,4/19/2023,4/19/2023,,The Hole in the Ground,The Hole in the Ground,https://www.imdb.com/title/tt6198946/,Movie,5.6,90,2019,"Drama, Horror, Mystery",22575,2/26/2019,Lee Cronin
78,tt8359848,4/19/2023,4/19/2023,,Climax,Climax,https://www.imdb.com/title/tt8359848/,Movie,6.9,97,2018,"Drama, Horror, Music, Thriller",80187,3/15/2019,Gaspar Noé
79,tt6902696,4/19/2023,4/19/2023,,Gloria Bell,Gloria Bell,https://www.imdb.com/title/tt6902696/,Movie,6.3,102,2018,"Comedy, Drama, Music, Romance",13044,3/22/2019,Sebastián Lelio
80,tt4827558,4/19/2023,4/19/2023,,High Life,High Life,https://www.imdb.com/title/tt4827558/,Movie,5.8,113,2018,"Mystery, Sci-Fi, Thriller",41389,4/12/2019,Claire Denis
81,tt6566768,4/19/2023,4/19/2023,,Native Son,Native Son,https://www.imdb.com/title/tt6566768/,Movie,5.7,104,2019,Drama,2822,4/6/2019,Rashid Johnson
82,tt5691670,4/19/2023,4/19/2023,,Under the Silver Lake,Under the Silver Lake,https://www.imdb.com/title/tt5691670/,Movie,6.5,139,2018,"Crime, Drama, Mystery, Thriller",52242,4/19/2019,David Robert Mitchell
83,tt6920356,4/19/2023,4/19/2023,,The Souvenir,The Souvenir,https://www.imdb.com/title/tt6920356/,Movie,6.4,120,2019,"Drama, Romance",14600,6/7/2019,Joanna Hogg
84,tt4353250,4/19/2023,4/19/2023,,The Last Black Man in San Francisco,The Last Black Man in San Francisco,https://www.imdb.com/title/tt4353250/,Movie,7.3,121,2019,Drama,22046,6/7/2019,Joe Talbot
85,tt8772262,4/19/2023,4/19/2023,Also produced by A24,Midsommar,Midsommar,https://www.imdb.com/title/tt8772262/,Movie,7.1,148,2019,"Drama, Horror, Mystery, Thriller",409647,7/3/2019,Ari Aster
86,tt8637428,4/19/2023,4/19/2023,,The Farewell,The Farewell,https://www.imdb.com/title/tt8637428/,Movie,7.5,100,2019,"Comedy, Drama",71572,8/9/2019,Lulu Wang
87,tt6043142,4/19/2023,4/19/2023,,Skin,Skin,https://www.imdb.com/title/tt6043142/,Movie,6.8,118,2018,"Biography, Crime, Drama, Romance",18990,7/23/2019,Guy Nattiv
88,tt7007696,4/19/2023,4/19/2023,Also produced by A24; distributed by HBO Films,Share,Share,https://www.imdb.com/title/tt7007696/,Movie,5.6,87,2019,"Crime, Drama, Mystery",2257,7/27/2019,Pippa Bianco
89,tt9356952,4/19/2023,4/19/2023,Also produced by A24,The Death of Dick Long,The Death of Dick Long,https://www.imdb.com/title/tt9356952/,Movie,6.4,100,2019,"Comedy, Crime, Drama",7440,8/7/2020,Daniel Scheinert
90,tt7434324,4/19/2023,4/19/2023,,Low Tide,Low Tide,https://www.imdb.com/title/tt7434324/,Movie,6.3,86,2019,"Drama, Thriller",3495,9/5/2019,Kevin McMullin
91,tt7984734,4/19/2023,4/19/2023,Also produced by A24,The Lighthouse,The Lighthouse,https://www.imdb.com/title/tt7984734/,Movie,7.4,109,2019,"Drama, Fantasy, Horror, Mystery, Thriller",258080,11/1/2019,Robert Eggers
92,tt6722976,4/19/2023,4/19/2023,Co-distributed with Apple TV+,The Elephant Queen,The Elephant Queen,https://www.imdb.com/title/tt6722976/,Movie,7.8,96,2018,"Documentary, Family",2348,11/1/2019,"Mark Deeble, Victoria Stone"
93,tt6196936,4/19/2023,4/19/2023,,The Kill Team,The Kill Team,https://www.imdb.com/title/tt6196936/,Movie,6,87,2019,"Action, Biography, Drama, Thriller, War",7708,10/25/2019,Dan Krauss
94,tt8652728,4/19/2023,4/19/2023,Also produced by A24,Waves,Waves,https://www.imdb.com/title/tt8652728/,Movie,7.5,135,2019,"Drama, Romance, Sport",31264,12/6/2019,Trey Edward Shults
95,tt7464188,4/19/2023,4/19/2023,,In Fabric,In Fabric,https://www.imdb.com/title/tt7464188/,Movie,6.2,118,2018,"Comedy, Drama, Fantasy, Horror, Mystery, Thriller",14052,12/6/2019,Peter Strickland
96,tt5727208,4/19/2023,4/19/2023,Also produced by A24,Uncut Gems,Uncut Gems,https://www.imdb.com/title/tt5727208/,Movie,7.4,135,2019,"Crime, Drama, Thriller",320892,12/25/2019,"Benny Safdie, Josh Safdie"
97,tt9231040,4/19/2023,4/19/2023,,First Cow,First Cow,https://www.imdb.com/title/tt9231040/,Movie,7.1,122,2019,"Drama, Western",22169,7/10/2020,Kelly Reichardt
98,tt11095742,4/19/2023,4/19/2023,Co-distributed with Apple TV+,Boys State,Boys State,https://www.imdb.com/title/tt11095742/,Movie,7.6,109,2020,Documentary,5780,8/14/2020,"Amanda McBaine, Jesse Moss"
99,tt9606374,4/19/2023,4/19/2023,Co-distributed with Apple TV+,On the Rocks,On the Rocks,https://www.imdb.com/title/tt9606374/,Movie,6.4,96,2020,"Comedy, Drama, Romance",36708,10/23/2020,Sofia Coppola
100,tt7557108,4/19/2023,4/19/2023,Co-distributed with Apple TV+,Saint Maud,Saint Maud,https://www.imdb.com/title/tt7557108/,Movie,6.7,84,2019,"Drama, Horror, Mystery, Thriller",47809,2/12/2021,Rose Glass
101,tt10633456,4/19/2023,4/19/2023,,Minari,Minari,https://www.imdb.com/title/tt10633456/,Movie,7.4,115,2020,Drama,98237,2/12/2021,Lee Isaac Chung
102,tt10096842,4/19/2023,4/19/2023,Also produced by A24; distributed by Hulu,False Positive,False Positive,https://www.imdb.com/title/tt10096842/,Movie,4.6,92,2021,"Horror, Mystery, Thriller",7473,6/25/2021,John Lee
103,tt5439812,4/19/2023,4/19/2023,,Zola,Zola,https://www.imdb.com/title/tt5439812/,Movie,6.5,86,2020,"Comedy, Crime, Drama",18033,6/30/2021,Janicza Bravo
104,tt14731254,4/19/2023,4/19/2023,Also produced by A24; distributed by Amazon Studios,Val,Val,https://www.imdb.com/title/tt14731254/,Movie,7.6,109,2021,"Documentary, Biography",14464,8/6/2021,"Ting Poo, Leo Scott"
105,tt9243804,4/19/2023,4/19/2023,Also produced by A24,The Green Knight,The Green Knight,https://www.imdb.com/title/tt9243804/,Movie,6.6,130,2021,"Adventure, Drama, Fantasy",119407,7/30/2021,David Lowery
106,tt9812474,4/19/2023,4/19/2023,,Lamb,Dýrið,https://www.imdb.com/title/tt9812474/,Movie,6.3,106,2021,"Drama, Fantasy, Horror",38927,10/8/2021,Valdimar Jóhannsson
107,tt6992978,4/19/2023,4/19/2023,,The Souvenir: Part II,The Souvenir: Part II,https://www.imdb.com/title/tt6992978/,Movie,7.1,107,2021,"Drama, Romance",4348,11/19/2021,Joanna Hogg
108,tt10986222,4/19/2023,4/19/2023,,C'mon C'mon,C'mon C'mon,https://www.imdb.com/title/tt10986222/,Movie,7.4,109,2021,Drama,39225,11/24/2021,Mike Mills
109,tt10023286,4/19/2023,4/19/2023,Also produced by A24; co-distributed with Showtime,The Humans,The Humans,https://www.imdb.com/title/tt10023286/,Movie,6.1,108,2021,Drama,10909,11/24/2021,Stephen Karam
110,tt13453006,4/19/2023,4/19/2023,,Red Rocket,Red Rocket,https://www.imdb.com/title/tt13453006/,Movie,7.1,130,2021,"Comedy, Drama",33933,12/24/2021,Sean Baker
111,tt10095582,4/19/2023,4/19/2023,Also produced by A24; co-distributed with Apple TV+,The Tragedy of Macbeth,The Tragedy of Macbeth,https://www.imdb.com/title/tt10095582/,Movie,7.1,105,2021,"Drama, Mystery, Thriller",40039,1/14/2022,Joel Coen
112,tt2201261,4/19/2023,4/19/2023,Co-distributed with Apple TV+,The Sky Is Everywhere,The Sky Is Everywhere,https://www.imdb.com/title/tt2201261/,Movie,5.6,103,2022,"Drama, Music, Romance",1875,2/11/2022,Josephine Decker
113,tt8633464,4/19/2023,4/19/2023,Also produced by A24; co-distributed with Showtime,After Yang,After Yang,https://www.imdb.com/title/tt8633464/,Movie,6.6,96,2021,"Drama, Sci-Fi",23265,3/4/2022,Kogonada
114,tt13560574,4/19/2023,4/19/2023,Also produced by A24,X,X,https://www.imdb.com/title/tt13560574/,Movie,6.5,105,2022,"Horror, Mystery, Thriller",178608,3/18/2022,Ti West
115,tt6710474,4/19/2023,4/19/2023,Also produced by A24,Everything Everywhere All at Once,Everything Everywhere All at Once,https://www.imdb.com/title/tt6710474/,Movie,7.8,139,2022,"Action, Adventure, Comedy, Fantasy, Sci-Fi",540112,4/8/2022,"Daniel Kwan, Daniel Scheinert"
116,tt13841850,4/19/2023,4/19/2023,Also produced by A24,Men,Men,https://www.imdb.com/title/tt13841850/,Movie,6.1,100,2022,"Drama, Fantasy, Horror, Thriller",65716,5/20/2022,Alex Garland
117,tt13968794,4/19/2023,4/19/2023,Released by A24; Distributed by Showtime,Elizabeth: A Portrait in Part(s),Elizabeth: A Portrait in Part(s),https://www.imdb.com/title/tt13968794/,Movie,5.9,89,2022,"Documentary, Biography, History",632,5/27/2022,Roger Michell
118,tt15339456,4/19/2023,4/19/2023,,Marcel the Shell with Shoes On,Marcel the Shell with Shoes On,https://www.imdb.com/title/tt15339456/,Movie,7.7,90,2021,"Animation, Comedy, Drama, Family, Fantasy",27690,7/15/2022,Dean Fleischer Camp
119,tt8110652,4/19/2023,4/19/2023,Also produced by A24,Bodies Bodies Bodies,Bodies Bodies Bodies,https://www.imdb.com/title/tt8110652/,Movie,6.2,94,2022,"Comedy, Horror, Mystery, Thriller",71235,8/12/2022,Halina Reijn
120,tt8174412,4/19/2023,4/19/2023,Also produced by A24,Funny Pages,Funny Pages,https://www.imdb.com/title/tt8174412/,Movie,6.2,86,2022,Comedy,3736,8/26/2022,Owen Kline
121,tt18925334,4/19/2023,4/19/2023,Also produced by A24,Pearl,Pearl,https://www.imdb.com/title/tt18925334/,Movie,7,103,2022,"Drama, Horror, Thriller",102131,9/16/2022,Ti West
122,tt8386898,4/19/2023,4/19/2023,Rights acquired and released by A24 ,Instinct,Instinct,https://www.imdb.com/title/tt8386898/,Movie,6,98,2019,"Drama, Mystery, Thriller",2879,10/3/2019,Halina Reijn
123,tt10375396,4/19/2023,4/19/2023,Also produced by A24,God's Creatures,God's Creatures,https://www.imdb.com/title/tt10375396/,Movie,6,100,2022,Drama,3427,9/30/2022,"Saela Davis, Anna Rose Holmer"
124,tt10354106,4/19/2023,4/19/2023,,Stars at Noon,Stars at Noon,https://www.imdb.com/title/tt10354106/,Movie,5.5,135,2022,"Drama, Romance, Thriller",3798,10/14/2022,Claire Denis
125,tt19770238,4/19/2023,4/19/2023,,Aftersun,Aftersun,https://www.imdb.com/title/tt19770238/,Movie,7.6,102,2022,Drama,96316,11/18/2022,Charlotte Wells
126,tt10192406,4/19/2023,4/19/2023,Produced by A24; co-distributed with Apple TV+,Causeway,Causeway,https://www.imdb.com/title/tt10192406/,Movie,6.6,94,2022,Drama,23235,11/4/2022,Lila Neugebauer
127,tt13495458,4/19/2023,4/19/2023,Also produced by A24,The Inspection,The Inspection,https://www.imdb.com/title/tt13495458/,Movie,6.7,95,2022,Drama,4975,12/2/2022,Elegance Bratton
128,tt6160448,4/19/2023,4/19/2023,Produced by A24; distributed by Netflix,White Noise,White Noise,https://www.imdb.com/title/tt6160448/,Movie,5.7,136,2022,"Comedy, Drama, Horror, Mystery",44885,12/30/2022,Noah Baumbach
129,tt13874422,4/19/2023,4/19/2023,,The Eternal Daughter,The Eternal Daughter,https://www.imdb.com/title/tt13874422/,Movie,5.9,96,2022,"Drama, Mystery",6267,12/2/2022,Joanna Hogg
130,tt13833688,4/19/2023,4/19/2023,Also produced by A24,The Whale,The Whale,https://www.imdb.com/title/tt13833688/,Movie,7.6,117,2022,Drama,215018,12/21/2022,Darren Aronofsky
131,tt23950956,4/19/2023,4/19/2023,Produced by A24; distributed by HBO,This Place Rules,This Place Rules,https://www.imdb.com/title/tt23950956/,Movie,7.3,82,2022,"Documentary, Crime, History",6585,12/30/2022,Andrew Callaghan
132,tt12121582,4/19/2023,4/19/2023,Also produced by A24,When You Finish Saving the World,When You Finish Saving the World,https://www.imdb.com/title/tt12121582/,Movie,5.6,88,2022,"Comedy, Drama",4505,7/31/2023,Jesse Eisenberg
133,tt9660502,4/19/2023,4/19/2023,,Close,Close,https://www.imdb.com/title/tt9660502/,Movie,7.8,104,2022,Drama,36682,11/1/2022,Lukas Dhont
134,tt12573454,4/19/2023,4/19/2023,Also produced by A24; co-distributed with Apple TV+,Sharper,Sharper,https://www.imdb.com/title/tt12573454/,Movie,6.7,116,2023,"Crime, Drama, Thriller",31215,2/17/2023,Benjamin Caron
135,tt0138704,4/19/2023,4/19/2023,Distributed in 2023 by A24 for its 25th anniversary re-release; originally distributed by Artisan Entertainment,Pi,Pi,https://www.imdb.com/title/tt0138704/,Movie,7.3,84,1998,"Drama, Horror, Mystery, Sci-Fi, Thriller",186918,7/10/1998,Darren Aronofsky
136,tt13923216,4/19/2023,4/19/2023,Also produced by A24,Showing Up,Showing Up,https://www.imdb.com/title/tt13923216/,Movie,6.3,107,2022,"Comedy, Drama",5700,5/3/2023,Kelly Reichardt
137,tt13521006,4/19/2023,4/19/2023,Also produced by A24,Beau Is Afraid,Beau Is Afraid,https://www.imdb.com/title/tt13521006/,Movie,6.7,179,2023,"Comedy, Drama, Horror",62453,4/21/2023,Ari Aster
138,tt15771916,4/19/2023,4/19/2023,,You Hurt My Feelings,You Hurt My Feelings,https://www.imdb.com/title/tt15771916/,Movie,6.6,93,2023,"Comedy, Drama",12970,1/26/2024,Nicole Holofcener
139,tt13238346,4/19/2023,4/19/2023,Also produced by A24,Past Lives,Past Lives,https://www.imdb.com/title/tt13238346/,Movie,7.8,105,2023,"Drama, Romance",121917,6/23/2023,Celine Song
140,tt18382328,4/19/2023,4/19/2023,,Earth Mama,Earth Mama,https://www.imdb.com/title/tt18382328/,Movie,6.6,101,2023,Drama,1007,12/8/2023,Savanah Leaf
141,tt24132732,8/15/2023,8/15/2023,,The Deepest Breath,The Deepest Breath,https://www.imdb.com/title/tt24132732/,Movie,7.7,108,2023,"Documentary, Adventure, Sport",14929,7/19/2023,Laura McGann
142,tt15210256,8/15/2023,8/15/2023,,Stephen Curry: Underrated,Stephen Curry: Underrated,https://www.imdb.com/title/tt15210256/,Movie,7.3,110,2023,"Documentary, Biography, Sport",4288,7/21/2023,Peter Nicks
143,tt10638522,4/19/2023,4/19/2023,Also produced by A24,Talk to Me,Talk to Me,https://www.imdb.com/title/tt10638522/,Movie,7.1,95,2022,"Horror, Thriller",151503,7/28/2023,"Danny Philippou, Michael Philippou"
144,tt14773478,8/15/2023,8/15/2023,,Medusa Deluxe,Medusa Deluxe,https://www.imdb.com/title/tt14773478/,Movie,6.1,101,2022,"Drama, Mystery",1931,8/11/2023,Thomas Hardiman
145,tt7130916,8/15/2023,8/15/2023,,Dicks: The Musical,Dicks: The Musical,https://www.imdb.com/title/tt7130916/,Movie,5.4,86,2023,"Comedy, Musical",3235,10/20/2023,Larry Charles
146,tt22041854,8/15/2023,8/15/2023,,Priscilla,Priscilla,https://www.imdb.com/title/tt22041854/,Movie,6.5,113,2023,"Biography, Drama, Music, Romance",37630,11/3/2023,Sofia Coppola
147,tt21942866,8/15/2023,8/15/2023,,Dream Scenario,Dream Scenario,https://www.imdb.com/title/tt21942866/,Movie,6.9,102,2023,"Comedy, Drama, Fantasy, Horror",63079,11/22/2023,Kristoffer Borgli
148,tt7160372,8/15/2023,8/15/2023,,The Zone of Interest,The Zone of Interest,https://www.imdb.com/title/tt7160372/,Movie,7.4,105,2023,"Drama, History, War",97195,2/20/2024,Jonathan Glazer
149,tt21064584,8/15/2023,8/15/2023,,The Iron Claw,The Iron Claw,https://www.imdb.com/title/tt21064584/,Movie,7.6,132,2023,"Biography, Drama, Sport",74991,12/22/2023,Sean Durkin
